trial,environment_seed,sensor_seed,sensor_scenario,sensor_model,free_probability,occupied_probability,disallowed_probability,restricted_probability,planning_success,onboard_completion,true_goal_reached,true_mission_success,termination_state,final_true_distance,completion_time,actual_path_length,planned_path_length,mean_estimation_error,max_estimation_error,rmse_estimation_error,mean_true_cross_track_error,max_true_cross_track_error,rmse_true_cross_track_error,mean_estimated_cross_track_error,max_estimated_cross_track_error,rmse_estimated_cross_track_error,minimum_true_clearance,minimum_estimated_clearance,commanded_control_effort,applied_control_effort,control_saturation_fraction,mean_control_saturation_error,max_control_saturation_error,max_commanded_acceleration,max_applied_acceleration,measurement_dropout_fraction,true_free_time,true_occupied_time,true_disallowed_time,true_restricted_time,true_out_of_bounds_time,estimated_free_time,estimated_occupied_time,estimated_disallowed_time,estimated_restricted_time,estimated_out_of_bounds_time,restricted_violation,disallowed_violation,out_of_bounds_violation
0,4205179214,1043877714,0,GaussianSensor,0.65,0.2,0.1,0.05,True,True,True,True,goal_reached,0.27154997635534806,77.60000000000001,15.467632747844839,15.636705596836359,0.05295945547703644,0.16884747603556055,0.0596994981448125,0.025242014611407324,0.09523560744635526,0.03162171123478391,0.03916814493773137,0.15746902379970784,0.049499710017609284,0.13502174077622886,0.08660333450779573,6.042230687410204,6.042230687410205,0.0,7.389841557212379e-17,2.7755575615628914e-16,0.41128958303032137,0.4112895830303213,0.0,77.60000000000001,0.0,0.0,0.0,0.0,77.60000000000001,0.0,0.0,0.0,0.0,False,False,False
1,673551744,3144459834,0,GaussianSensor,0.65,0.2,0.1,0.05,True,True,True,True,goal_reached,0.15052653587703155,70.60000000000001,13.776608166631622,13.888312905176882,0.052100925630937434,0.18099851411760873,0.057844679151721964,0.023729702966776227,0.08374263989736974,0.02883881642179624,0.04143600655248015,0.152716074535574,0.05120912047371889,0.12566975282250586,0.06588119330412173,5.388068424164386,5.388068424164385,0.0,8.01992412926616e-17,2.5324586304240974e-16,0.2870642805467937,0.2870642805467937,0.0,68.8,1.8000000000000043,0.0,0.0,0.0,68.3,2.300000000000006,0.0,0.0,0.0,False,False,False
2,1357353941,2689563746,0,GaussianSensor,0.65,0.2,0.1,0.05,True,True,True,True,goal_reached,0.24525711912561923,73.7,14.898035276257321,15.032136719624518,0.052303833478923395,0.15348431989803735,0.05931909116029763,0.031007839853175435,0.07447721667258742,0.03704038265336694,0.043688903686560594,0.1904915697490155,0.053893276077270666,0.1394499252109563,0.09110399872456422,5.701452159642658,5.701452159642658,0.0,8.241258058116178e-17,2.779024842816778e-16,0.24509621014511832,0.24509621014511843,0.0,73.7,0.0,0.0,0.0,0.0,73.7,0.0,0.0,0.0,0.0,False,False,False
3,1982900983,3031171278,0,GaussianSensor,0.65,0.2,0.1,0.05,True,True,True,True,goal_reached,0.13631593397473252,72.9,14.884070467421346,14.981426014149939,0.050842258574450155,0.1460281335158283,0.05719001783668874,0.029332792436216604,0.09270441033741807,0.03629637441576414,0.03991699505004098,0.19160853166919345,0.05135374406102114,0.36417238244041883,0.2786166323881769,5.520056699320951,5.52005669932095,0.0,7.848308294236536e-17,3.053310439023432e-16,0.23367858590755264,0.23367858590755267,0.0,71.9,1.0,0.0,0.0,0.0,71.9,1.0,0.0,0.0,0.0,False,False,False
4,2480830751,250060728,0,GaussianSensor,0.65,0.2,0.1,0.05,True,True,True,True,goal_reached,0.26873997125333515,67.9,13.472368515332331,13.621920757128404,0.05076791086072908,0.1751989756236337,0.05789797828421959,0.031329610478547175,0.08310061868640238,0.037271895258244994,0.04381259630682346,0.1568947447655091,0.05410220436106835,0.12838847295711883,0.08486831384121274,5.31543510328529,5.3154351032852905,0.0,8.145955422578096e-17,2.2887833992611187e-16,0.22842073774169128,0.22842073774169128,0.0,67.9,0.0,0.0,0.0,0.0,67.9,0.0,0.0,0.0,0.0,False,False,False
5,2558976498,3213123637,0,GaussianSensor,0.65,0.2,0.1,0.05,True,True,True,True,goal_reached,0.20161844780720128,68.3,13.501595774166688,13.697544573808672,0.050868559430530216,0.15520334385715007,0.05744299098198731,0.033237574672357204,0.10892021399939784,0.04124228055788227,0.039813717310849255,0.1527005545430241,0.05003492186052716,0.09935895666873235,0.06755730900646867,5.164707222096794,5.164707222096794,0.0,8.402357186627305e-17,2.9893669801409083e-16,0.2759540083736357,0.2759540083736357,0.0,68.3,0.0,0.0,0.0,0.0,68.19999999999999,0.10000000000000142,0.0,0.0,0.0,False,False,False
6,92204031,2207719320,0,GaussianSensor,0.65,0.2,0.1,0.05,True,True,True,True,goal_reached,0.20063350996609472,62.300000000000004,12.830112322675047,12.9761905884258,0.049200477432806235,0.19579182934257422,0.056049802828367544,0.028518301067123775,0.11031102512703897,0.036005153303801794,0.04036038065913995,0.19579182934257422,0.05080877849227807,0.10189952761592794,0.03419177684398673,5.130383880475834,5.130383880475835,0.0,8.750736353484347e-17,1.962615573354719e-16,0.2966667845185483,0.29666678451854833,0.0,61.2,1.0999999999999996,0.0,0.0,0.0,61.1,1.200000000000001,0.0,0.0,0.0,False,False,False
7,1579960762,2293126795,0,GaussianSensor,0.65,0.2,0.1,0.05,True,True,True,True,goal_reached,0.258009127282912,64.2,12.79249366865037,12.981768068323742,0.05089568083991986,0.2669423180971903,0.058361757594087654,0.022350100851183774,0.053883646933199913,0.026233602472452437,0.041324007622133216,0.23629846705148197,0.05153774469583217,0.12743758185587936,0.08861173350615638,4.699229331508084,4.699229331508082,0.0,8.956541635496163e-17,1.962615573354719e-16,0.30719721327639693,0.30719721327639693,0.0,64.2,0.0,0.0,0.0,0.0,64.2,0.0,0.0,0.0,0.0,False,False,False
8,886987449,2799134337,0,GaussianSensor,0.65,0.2,0.1,0.05,True,True,True,True,goal_reached,0.2047123770630596,72.9,13.880212875682442,14.042470627387877,0.049716716148998294,0.17525034480566942,0.05656274379022578,0.023566651438189597,0.07921844167989178,0.03017166128927579,0.041508886388669626,0.17502352879145344,0.051939357748606,0.15696043415741998,0.048987777054756196,5.400112824459239,5.400112824459239,0.0,7.881535617920611e-17,2.776424787817943e-16,0.322725389870302,0.322725389870302,0.0,72.7,0.19999999999999574,0.0,0.0,0.0,71.8,1.1000000000000014,0.0,0.0,0.0,False,False,False
9,3788184604,3866390375,0,GaussianSensor,0.65,0.2,0.1,0.05,True,True,True,True,goal_reached,0.16709721747932357,65.60000000000001,13.583358679389871,13.699945788006842,0.05013452843167427,0.17543796976582574,0.05733178732671423,0.03078020580462882,0.09153179209628795,0.03703146259175546,0.04075252296005917,0.13460678267050175,0.04945123423209613,0.09335372641387224,0.06917558478028653,4.71826237425511,4.718262374255111,0.0,8.581055403136485e-17,2.779024842816778e-16,0.24427878675128825,0.24427878675128825,0.0,65.60000000000001,0.0,0.0,0.0,0.0,65.60000000000001,0.0,0.0,0.0,0.0,False,False,False
10,883822666,2697522058,0,GaussianSensor,0.65,0.2,0.1,0.05,True,True,True,True,goal_reached,0.21653573675990628,70.7,13.395051925610545,13.542428885950615,0.05333183305128133,0.20959160107623628,0.05990723462789686,0.029564589335508144,0.1110822743658853,0.036882706825623,0.041767660967943876,0.20994913767266893,0.051612140028358205,0.08938849137672454,0.04527741203138732,5.615010165379784,5.615010165379784,0.0,8.01667567068967e-17,2.5324586304240974e-16,0.231092137883449,0.23109213788344898,0.0,62.300000000000004,8.399999999999999,0.0,0.0,0.0,62.0,8.7,0.0,0.0,0.0,False,False,False
11,2901608019,2744719143,0,GaussianSensor,0.65,0.2,0.1,0.05,True,True,True,True,goal_reached,0.19204390732428409,73.9,14.78463302763799,14.791615208190175,0.050793278133184,0.15312753143954064,0.057611063859111675,0.03995636637495562,0.10647710576561284,0.046664227607645194,0.04664020846144322,0.17481307254152584,0.05762075523524113,0.08935217600479528,0.045165329826661986,6.227643742136715,6.227643742136716,0.0,7.812679838246949e-17,2.7894008272968645e-16,0.26129819634568613,0.2612981963456862,0.0,73.9,0.0,0.0,0.0,0.0,73.9,0.0,0.0,0.0,0.0,False,False,False
12,4070139851,1879700194,0,GaussianSensor,0.65,0.2,0.1,0.05,True,True,True,True,goal_reached,0.19156197244252077,68.0,13.414534336817711,13.523768153584223,0.0479784833192789,0.18731892847782342,0.05435151974070521,0.024773473423048087,0.11473185003132085,0.03328282345718852,0.03831892823643318,0.18731892847782342,0.04871170810052622,0.10133749639502497,0.0652087095970592,5.40392451772179,5.40392451772179,0.0,8.521900129847062e-17,2.776424787817943e-16,0.27060000514833,0.27060000514833,0.0,66.8,1.2000000000000002,0.0,0.0,0.0,66.6,1.4000000000000004,0.0,0.0,0.0,False,False,False
13,4280795604,3246741911,0,GaussianSensor,0.65,0.2,0.1,0.05,True,True,True,True,goal_reached,0.13878187280393106,77.0,15.488831823286098,15.539453589277912,0.05154447156574122,0.16002140862873046,0.05839661523433061,0.026606001188347814,0.08960861206675907,0.03503435776137192,0.04218608126164019,0.1817786811682236,0.054095205366117775,0.11812728717330759,0.09181753851847255,5.795165324923953,5.795165324923953,0.0,8.148996911147256e-17,2.779024842816778e-16,0.23070609450070156,0.23070609450070165,0.0,69.89999999999999,7.100000000000001,0.0,0.0,0.0,69.5,7.500000000000002,0.0,0.0,0.0,False,False,False
14,3624323177,3133807308,0,GaussianSensor,0.65,0.2,0.1,0.05,True,True,True,True,goal_reached,0.17815135810643065,71.60000000000001,13.586253072247505,13.620620576899302,0.051308692127579936,0.20442517918343445,0.05860013299675742,0.02872275098604244,0.08642562379933294,0.0351136633794088,0.03952872688915128,0.1840882516615215,0.05029367159327632,0.15374870416284747,0.12461988518567502,5.63042637946024,5.63042637946024,0.0,8.137491511725363e-17,2.7755575615628914e-16,0.3165983870851298,0.3165983870851298,0.0,64.4,7.200000000000003,0.0,0.0,0.0,64.1,7.500000000000007,0.0,0.0,0.0,False,False,False
15,1611885893,2045132600,0,GaussianSensor,0.65,0.2,0.1,0.05,True,True,True,True,goal_reached,0.28787669493219475,73.0,15.338881287442032,15.543053659084826,0.05363008664613367,0.22833561652400738,0.059881285469243394,0.02915690583956959,0.09886926246717564,0.03579186332038528,0.0430767666399482,0.22833561652400738,0.05251759687864075,0.3996420384300473,0.3458895116322305,5.8827999508317,5.8827999508317,0.0,7.819970014292018e-17,2.8609792490763985e-16,0.48018612687231227,0.48018612687231227,0.0,73.0,0.0,0.0,0.0,0.0,73.0,0.0,0.0,0.0,0.0,False,False,False
16,1890149136,2495663372,0,GaussianSensor,0.65,0.2,0.1,0.05,True,True,True,True,goal_reached,0.2652768753536629,67.5,13.0175466914739,13.178377166181118,0.05136093862489559,0.1713504630030764,0.05815276205500569,0.028484221343554873,0.07485859082219758,0.03517474908339689,0.044244955759485186,0.16985069368783032,0.05580872449288457,0.1364416152560055,0.11686863811747225,5.371811764921302,5.3718117649213015,0.0,8.587672742353749e-17,2.2591401799415137e-16,0.2952231048063151,0.2952231048063151,0.0,65.69999999999999,1.8000000000000025,0.0,0.0,0.0,65.99999999999999,1.5000000000000018,0.0,0.0,0.0,False,False,False
17,3068617392,3417036371,0,GaussianSensor,0.65,0.2,0.1,0.05,True,True,True,True,goal_reached,0.19375118081960913,68.2,13.72028142181671,13.883994973288447,0.05081521004561308,0.1666971158220932,0.05712809252901709,0.031579859908952616,0.08837512433916578,0.038216764469453116,0.04296131640277049,0.18154638575827192,0.0516739119911078,0.07299425605450542,0.10016636598760661,5.352139308472262,5.352139308472262,0.0,8.35770396763359e-17,2.7755575615628914e-16,0.24248707792980143,0.24248707792980143,0.0,68.2,0.0,0.0,0.0,0.0,67.80000000000001,0.3999999999999915,0.0,0.0,0.0,False,False,False
18,352364810,332853996,0,GaussianSensor,0.65,0.2,0.1,0.05,True,True,True,True,goal_reached,0.17601308231425225,73.7,14.366463481608971,14.50499598029652,0.05261077722158731,0.13093748761651294,0.05864024547888,0.02248426141095988,0.07911939301626837,0.02737008531912718,0.04106097261232385,0.1605568037914858,0.04997107913878405,0.0681594737049734,0.05349912871419793,5.663362822673552,5.663362822673552,0.0,8.132280190742341e-17,2.776424787817943e-16,0.23247177784044748,0.2324717778404477,0.0,71.7,2.0,0.0,0.0,0.0,72.10000000000001,1.5999999999999943,0.0,0.0,0.0,False,False,False
19,1984804608,1264508185,0,GaussianSensor,0.65,0.2,0.1,0.05,True,True,True,True,goal_reached,0.14289344165922574,67.7,13.337018672804184,13.42639777895183,0.052775646974086904,0.20662998579558658,0.060227929723565034,0.031630085188071866,0.09406747062283521,0.03912522497683614,0.047939804127529705,0.18432906328752274,0.0591280649455367,0.07204630286911795,0.02694077301071829,5.523596554323383,5.523596554323383,0.0,8.214734184865608e-17,2.7894008272968645e-16,0.24075385260081253,0.24075385260081247,0.0,65.1,2.599999999999998,0.0,0.0,0.0,65.1,2.599999999999998,0.0,0.0,0.0,False,False,False
20,2742936315,412253113,0,GaussianSensor,0.65,0.2,0.1,0.05,True,True,True,True,goal_reached,0.15846297660074254,78.10000000000001,15.906526110638135,16.144769052791474,0.05121835633385758,0.3103463399194926,0.058516242267363267,0.028390230978897424,0.07732269958388138,0.03411491496765069,0.04180967306714619,0.3103463399194926,0.051583120298363365,0.09016784231030175,0.02332436067089649,6.507418366052676,6.507418366052676,0.0,8.391358713244768e-17,2.797157557069881e-16,0.2937076608823151,0.2937076608823151,0.0,75.60000000000001,2.5,0.0,0.0,0.0,76.2,1.9000000000000021,0.0,0.0,0.0,False,False,False
21,4280711936,3061524838,0,GaussianSensor,0.65,0.2,0.1,0.05,True,True,True,True,goal_reached,0.17793347107659696,71.4,14.409671526842754,14.509783929138445,0.05119727361151786,0.1567270566529384,0.057469777472973105,0.04108076132243329,0.12363547310785776,0.050228853163423126,0.051463276432143226,0.17753049529986686,0.06200712287974258,0.13641903746719677,0.06239580265375239,5.603239908785723,5.603239908785723,0.0,8.136954370236155e-17,2.7894008272968645e-16,0.2911547904078005,0.29115479040780046,0.0,70.8,0.6000000000000014,0.0,0.0,0.0,71.1,0.3000000000000007,0.0,0.0,0.0,False,False,False
22,4186140722,755086124,0,GaussianSensor,0.65,0.2,0.1,0.05,True,True,True,True,goal_reached,0.21815438315302757,79.9,15.856988016133363,15.992353263439904,0.050439815150600434,0.1585029926107741,0.057656482884932934,0.025645461935205845,0.08335571427357347,0.032806291813338294,0.04111843623287682,0.16140667836495837,0.051897278580327,0.09542610737608304,0.08825017418496722,6.272485171940353,6.272485171940353,0.0,7.847772022156745e-17,2.7894008272968645e-16,0.27339635552196595,0.27339635552196584,0.0,78.10000000000001,1.7999999999999972,0.0,0.0,0.0,78.2,1.6999999999999957,0.0,0.0,0.0,False,False,False
23,1336223782,1492110074,0,GaussianSensor,0.65,0.2,0.1,0.05,True,True,True,True,goal_reached,0.2262977947941218,69.7,13.11550776633762,13.337800157363258,0.054151128923376084,0.23931321071400835,0.06226252033798649,0.026269168573183777,0.07893167971847974,0.033157180539841714,0.04364475703519131,0.23976808998721216,0.05682071684914097,0.10210312812700616,0.0697295297373633,5.288598119080445,5.288598119080445,0.0,8.156680849972232e-17,1.962615573354719e-16,0.24434529636299715,0.24434529636299715,0.0,68.2,1.5,0.0,0.0,0.0,68.0,1.7000000000000028,0.0,0.0,0.0,False,False,False
24,1032962261,184040851,0,GaussianSensor,0.65,0.2,0.1,0.05,True,True,True,True,goal_reached,0.1738346436602783,63.0,12.87517574924323,12.941030187482337,0.05460272264978608,0.2231180898711659,0.06246700324849935,0.029573715684654382,0.10824539334931611,0.03720303732865601,0.04425371675519232,0.20580169576439378,0.055269575028695526,0.1561771654106342,0.11105883060896776,5.055261478388898,5.055261478388898,0.0,8.72301318307808e-17,1.962615573354719e-16,0.37894991155357827,0.37894991155357827,0.0,62.9,0.10000000000000142,0.0,0.0,0.0,62.1,0.8999999999999986,0.0,0.0,0.0,False,False,False
25,2815567660,2843433685,0,GaussianSensor,0.65,0.2,0.1,0.05,True,True,True,True,goal_reached,0.18162776483240975,82.30000000000001,16.40150561975765,16.57259952696834,0.05274875857803387,0.14054702317883858,0.05968071852423787,0.028333928573079738,0.09911610286406702,0.036211500572544394,0.042819412686675176,0.19054865001444732,0.05525404365151573,0.06829646888408893,0.05848719205403152,6.865570928832669,6.865570928832671,0.0,7.819036566480262e-17,2.7894008272968645e-16,0.26568339862202955,0.26568339862202955,0.0,80.9,1.3999999999999986,0.0,0.0,0.0,80.9,1.4000000000000048,0.0,0.0,0.0,False,False,False
26,798185932,3688124958,0,GaussianSensor,0.65,0.2,0.1,0.05,True,True,True,True,goal_reached,0.17643591983931578,70.60000000000001,13.448642230055757,13.514843825943158,0.05214549634227501,0.32535499435384857,0.05981155877130586,0.036498238779545736,0.14280170554777635,0.04644004160198835,0.04655848028825295,0.2821988821839482,0.05936620581212735,0.1723791887413537,0.13172721857279562,5.27179825588926,5.27179825588926,0.0,8.070780440694497e-17,2.830524433501838e-16,0.25623330090401975,0.2562333009040197,0.0,62.70000000000001,7.899999999999999,0.0,0.0,0.0,62.60000000000001,8.0,0.0,0.0,0.0,False,False,False
27,1111264787,4065620520,0,GaussianSensor,0.65,0.2,0.1,0.05,True,True,True,True,goal_reached,0.24586465267307808,74.4,14.591326189712136,14.728369484036861,0.04871485674520041,0.1475481066634577,0.056146964751313096,0.03924161551269625,0.11829388871524671,0.050063652186905665,0.04670432769615226,0.16281731773849623,0.05786534595148444,0.15483622399653313,0.09324261301217361,5.741852821874044,5.741852821874042,0.0,7.834656058708488e-17,2.776424787817943e-16,0.2757197147426191,0.275719714742619,0.0,72.6,1.8000000000000007,0.0,0.0,0.0,72.2,2.200000000000003,0.0,0.0,0.0,False,False,False
28,2510656374,2158734882,0,GaussianSensor,0.65,0.2,0.1,0.05,True,True,True,True,goal_reached,0.24898404425837498,69.7,14.153341600476352,14.352172965154114,0.05120047936323736,0.12799760215445544,0.056671921707498026,0.03362158146996102,0.12871546097571326,0.04379308519370224,0.04452590200109344,0.20766795180396874,0.0585198454646295,0.07932982705787991,0.030378635702234202,5.589000925298494,5.589000925298494,0.0,8.051678666585822e-17,2.7755575615628914e-16,0.2660944674688177,0.26609446746881776,0.0,69.7,0.0,0.0,0.0,0.0,69.5,0.20000000000000284,0.0,0.0,0.0,False,False,False
29,776177852,593623063,0,GaussianSensor,0.65,0.2,0.1,0.05,True,True,True,True,goal_reached,0.18553159448454767,71.5,14.483498129604193,14.62379040479618,0.04972986683193678,0.13559415602413427,0.05595408731242151,0.027469102411132998,0.11849373186892592,0.03623952834541296,0.03991876081164745,0.19766597326178661,0.05105772168699104,0.10326001912904037,0.05150369951927658,5.529900612590149,5.529900612590149,0.0,8.222591014038834e-17,2.7755575615628914e-16,0.37298640248684106,0.37298640248684106,0.0,71.3,0.20000000000000284,0.0,0.0,0.0,71.39999999999999,0.10000000000000142,0.0,0.0,0.0,False,False,False
30,1784140346,3302052398,0,GaussianSensor,0.65,0.2,0.1,0.05,True,True,True,True,goal_reached,0.15919783869478005,61.6,13.04253655079663,13.138353392658153,0.05357716425299035,0.16241468576817153,0.06097771484578831,0.029130847711053856,0.092229067015484,0.03656678249208884,0.043733662207110856,0.15950721462120063,0.053848835262539606,0.1243426191867579,0.06886356208425515,5.357305719557515,5.357305719557515,0.0,9.187954456757814e-17,2.2247786310271853e-16,0.2992305068753283,0.2992305068753283,0.0,61.4,0.1999999999999993,0.0,0.0,0.0,61.4,0.1999999999999993,0.0,0.0,0.0,False,False,False
31,2641125193,2651424006,0,GaussianSensor,0.65,0.2,0.1,0.05,True,True,True,True,goal_reached,0.1762965141291007,64.10000000000001,13.123144444100866,13.193169013662835,0.05025813022762004,0.14968455537908265,0.05715814536808095,0.03041228976708864,0.08294383773379096,0.037970616849302495,0.04451335892849355,0.17104963574621848,0.05535929200602375,0.1000025709097894,0.07330969542754331,5.13590223181045,5.13590223181045,0.0,8.707491410458554e-17,2.2887833992611187e-16,0.2156070721651147,0.21560707216511463,0.0,64.00000000000001,0.09999999999999432,0.0,0.0,0.0,63.80000000000001,0.29999999999999716,0.0,0.0,0.0,False,False,False
32,1795684940,3685986929,0,GaussianSensor,0.65,0.2,0.1,0.05,True,True,True,True,goal_reached,0.24067079902619193,68.10000000000001,13.421368821834363,13.549979071100902,0.051113432671779126,0.15775199060540912,0.05771410100319001,0.029424324489121235,0.09100732126481056,0.03726622494270907,0.04429850755355238,0.15775199060540912,0.05521154393034676,0.12027363008003507,0.1015222339666202,5.572896574655092,5.5728965746550925,0.0,8.31332682874211e-17,2.063081476116683e-16,0.3414073813049734,0.3414073813049734,0.0,68.0,0.10000000000000142,0.0,0.0,0.0,67.8,0.30000000000000426,0.0,0.0,0.0,False,False,False
33,3110273622,901076319,0,GaussianSensor,0.65,0.2,0.1,0.05,False,False,False,False,planning_failure,nan,nan,nan,nan,nan,nan,nan,nan,nan,nan,nan,nan,nan,nan,nan,nan,nan,nan,nan,nan,nan,nan,nan,,,,,,,,,,,,,
34,2022676417,8024183,0,GaussianSensor,0.65,0.2,0.1,0.05,True,True,True,True,goal_reached,0.1949260619121107,68.4,13.409065620429747,13.587325000119955,0.056004118976843945,0.25927021859081356,0.06326673810902969,0.030335400532601267,0.08688783273511369,0.03588157874614526,0.04130117178162837,0.25927021859081356,0.050941315949748794,0.09360004052910348,0.09451617910229568,5.16726517396175,5.16726517396175,0.0,8.47156548683446e-17,2.498001805406602e-16,0.23216597154450605,0.23216597154450608,0.0,67.7,0.7000000000000028,0.0,0.0,0.0,67.4,1.0,0.0,0.0,0.0,False,False,False
35,3642562690,2703284287,0,GaussianSensor,0.65,0.2,0.1,0.05,True,True,True,True,goal_reached,0.26074216451512167,65.0,13.076704693192575,13.281738281536315,0.05114232682206493,0.19343075095213036,0.05798927141792513,0.02581689898041331,0.09138525526111811,0.031095383094970775,0.038533414724416855,0.1908700358481029,0.04931579713223669,0.1257807754063341,0.08478030298982425,5.143745305536723,5.143745305536723,0.0,8.715622221529274e-17,2.237726045655905e-16,0.23822737740144426,0.23822737740144417,0.0,63.5,1.5,0.0,0.0,0.0,64.2,0.7999999999999972,0.0,0.0,0.0,False,False,False
36,2177358447,552501486,0,GaussianSensor,0.65,0.2,0.1,0.05,True,True,True,True,goal_reached,0.23274063378662735,75.5,14.724679962614688,14.779659031476784,0.05095701814333499,0.17096670685997653,0.057417214596351435,0.029941363936369154,0.09032839378692303,0.03734611986089202,0.04340693815142924,0.15375797193930005,0.05387018892887398,0.15753859649182508,0.13017126781167923,5.765684459221411,5.765684459221412,0.0,8.20626950578713e-17,2.7894008272968645e-16,0.24734682079723555,0.24734682079723558,0.0,75.5,0.0,0.0,0.0,0.0,75.5,0.0,0.0,0.0,0.0,False,False,False
37,1319351647,2491968560,0,GaussianSensor,0.65,0.2,0.1,0.05,True,True,True,True,goal_reached,0.18662594430255344,74.60000000000001,14.69820751372465,14.820637595020301,0.050467128204018066,0.12816701965147,0.05688446125370586,0.02502379400532353,0.08428298965028237,0.031354129147216275,0.04264791262768735,0.17905174872641702,0.053425806942633436,0.4169545291881125,0.32405686325027006,5.561713248402057,5.561713248402057,0.0,7.655058231627418e-17,2.7894008272968645e-16,0.2460609603660691,0.24606096036606917,0.0,74.3,0.30000000000000426,0.0,0.0,0.0,74.2,0.4000000000000057,0.0,0.0,0.0,False,False,False
38,3691409634,1164777248,0,GaussianSensor,0.65,0.2,0.1,0.05,True,True,True,True,goal_reached,0.16739037422153363,69.3,13.833893943080916,14.01179787603486,0.051107072154057326,0.31286678200970247,0.058115474611983034,0.028835622243173733,0.09171420662289842,0.033881777848273245,0.04225651494388274,0.31174368583814793,0.0528582817561671,0.0803222052051969,0.09205982238586563,5.128899474569614,5.128899474569614,0.0,8.042981799001763e-17,2.498001805406602e-16,0.25596967495448747,0.2559696749544874,0.0,69.3,0.0,0.0,0.0,0.0,69.3,0.0,0.0,0.0,0.0,False,False,False
39,2019551978,3535634490,0,GaussianSensor,0.65,0.2,0.1,0.05,True,True,True,True,goal_reached,0.14386275039931104,79.5,14.767114194485321,14.781543470465127,0.05002555031097466,0.1874706238181724,0.05672577279261155,0.029525988767741113,0.1002465208202068,0.03667507576698943,0.04062364735403746,0.1874706238181724,0.051911016158137424,0.13110385201003757,0.13016603380800174,6.0269615222214465,6.0269615222214465,0.0,7.539234999984106e-17,2.1138016631127878e-16,0.3803122248599371,0.3803122248599371,0.0,69.30000000000001,10.199999999999989,0.0,0.0,0.0,68.8,10.699999999999996,0.0,0.0,0.0,False,False,False
40,380776375,3506364199,0,GaussianSensor,0.65,0.2,0.1,0.05,True,True,True,True,goal_reached,0.12925453839260995,65.9,13.17007810711357,13.234365292921625,0.053002170324265845,0.13558979369850044,0.05959459754001842,0.022333938025236498,0.09890759796421528,0.030056033420985704,0.0411860968705583,0.17881543193624805,0.05301174024696935,0.06576556680485555,0.0,5.070883817091699,5.070883817091701,0.0,8.735647825940439e-17,1.962615573354719e-16,0.2755339315141431,0.2755339315141431,0.0,65.7,0.1999999999999993,0.0,0.0,0.0,65.0,0.6999999999999993,0.0,0.20000000000000284,0.0,False,False,False
41,1412888935,1851597364,0,GaussianSensor,0.65,0.2,0.1,0.05,True,True,True,True,goal_reached,0.13330091270162428,67.4,13.348746673241395,13.4056856013876,0.0519821893809532,0.2542540846242717,0.06003322513458508,0.03783236294385774,0.11173443995398238,0.04575823994530454,0.05007443131073037,0.18925072265087106,0.06197234689372068,0.16580511812561582,0.12053426184824467,5.14955445763249,5.14955445763249,0.0,8.275033954834749e-17,3.0436364816617974e-16,0.32400857903882124,0.32400857903882124,0.0,67.1,0.30000000000000426,0.0,0.0,0.0,66.7,0.6999999999999957,0.0,0.0,0.0,False,False,False
42,2119417179,1770672752,0,GaussianSensor,0.65,0.2,0.1,0.05,True,True,True,True,goal_reached,0.16677160621194892,72.60000000000001,13.734308201558449,13.900413052774338,0.05419575307553518,0.15991298862969966,0.06115982281859282,0.025786891707674925,0.11683430105295178,0.03343208742647081,0.038926239899305326,0.15991298862969966,0.04879868555912404,0.11995737582752439,0.052625587580476585,5.745698694850869,5.74569869485087,0.0,7.794139480458739e-17,2.498001805406602e-16,0.31569286678471553,0.3156928667847156,0.0,72.60000000000001,0.0,0.0,0.0,0.0,72.60000000000001,0.0,0.0,0.0,0.0,False,False,False
43,1493218817,2033698377,0,GaussianSensor,0.65,0.2,0.1,0.05,True,True,True,True,goal_reached,0.20454521220440475,63.1,13.442747014007988,13.669673507308367,0.05137467217803261,0.13524753221243568,0.057727131919661445,0.027127672110661583,0.07539432696034556,0.03373751203345694,0.039888555695552524,0.14247217126211062,0.048574232154267344,0.08154333774969495,0.04893782196484376,5.07608024090209,5.07608024090209,0.0,8.95797900143695e-17,2.7894008272968645e-16,0.3526847667840177,0.3526847667840177,0.0,63.1,0.0,0.0,0.0,0.0,63.1,0.0,0.0,0.0,0.0,False,False,False
44,177673525,4011898195,0,GaussianSensor,0.65,0.2,0.1,0.05,True,True,True,True,goal_reached,0.14789229538092935,76.9,14.826334438924786,14.825890603316541,0.051661286979932046,0.2127256149916031,0.058554895036598345,0.036550438123292485,0.11365241443253815,0.04444037080751573,0.04216373388631828,0.2032362419464836,0.05250234776049267,0.14884397869731525,0.09953704077027146,5.80830303038052,5.80830303038052,0.0,7.386466232793771e-17,1.7772239894833365e-16,0.22818243561822288,0.2281824356182228,0.0,75.3,1.6000000000000005,0.0,0.0,0.0,75.7,1.1999999999999993,0.0,0.0,0.0,False,False,False
45,2089176022,1565317651,0,GaussianSensor,0.65,0.2,0.1,0.05,True,True,True,True,goal_reached,0.2070112148206462,71.8,13.650603824741983,13.821111257541144,0.05196031307172827,0.20127588380866498,0.059222437106597504,0.027049176184154058,0.0870943186398795,0.033776180601086225,0.04247434836462287,0.15713053867741883,0.05258691364640108,0.11317822085981993,0.03822600384208796,5.575115990888682,5.575115990888682,0.0,7.707954837041541e-17,2.498965354837e-16,0.28587000139283314,0.2858700013928331,0.0,61.0,10.799999999999995,0.0,0.0,0.0,61.099999999999994,10.700000000000003,0.0,0.0,0.0,False,False,False
46,2052006839,3289410092,0,GaussianSensor,0.65,0.2,0.1,0.05,True,True,True,True,goal_reached,0.2439781150550448,67.4,13.14775346711875,13.33979389452804,0.05130565550756506,0.1709599124919851,0.0583369769490743,0.024579663142201707,0.07503618564826926,0.028941240130407244,0.04185769546266798,0.1682580356913611,0.052922100548983844,0.4133347235805733,0.3426454425184897,5.016715989781397,5.016715989781396,0.0,8.624086310671808e-17,1.962615573354719e-16,0.2516698690340805,0.25166986903408056,0.0,67.0,0.40000000000000213,0.0,0.0,0.0,66.2,1.2000000000000046,0.0,0.0,0.0,False,False,False
47,2090124218,957135700,0,GaussianSensor,0.65,0.2,0.1,0.05,False,False,False,False,planning_failure,nan,nan,nan,nan,nan,nan,nan,nan,nan,nan,nan,nan,nan,nan,nan,nan,nan,nan,nan,nan,nan,nan,nan,,,,,,,,,,,,,
48,3219350817,2787950316,0,GaussianSensor,0.65,0.2,0.1,0.05,True,True,True,True,goal_reached,0.23655266875758352,66.4,14.256749143823859,14.419100443531395,0.05142142855677549,0.17238978874050057,0.057996408738839156,0.02332178214065005,0.09648947490342745,0.030166805244428593,0.03946625006305216,0.15948995098490465,0.0499354593938072,0.16136551795547857,0.1592660884788984,5.617716589323749,5.617716589323749,0.0,8.655142469311341e-17,2.776424787817943e-16,0.2836704087707465,0.2836704087707465,0.0,66.4,0.0,0.0,0.0,0.0,66.4,0.0,0.0,0.0,0.0,False,False,False
49,2435762147,1928486681,0,GaussianSensor,0.65,0.2,0.1,0.05,True,True,True,True,goal_reached,0.19280011056982646,86.4,17.576707166097997,17.690304837370945,0.05181686346130991,0.15092608352900214,0.05837789896182828,0.02858738787373277,0.1268529909576932,0.03676745488342035,0.0405331913504467,0.15901476073802837,0.05086169431083476,0.08378801370431661,0.08653681884513986,6.9658054269059315,6.9658054269059315,0.0,8.114430497947916e-17,2.7809732887839817e-16,0.311492358151652,0.311492358151652,0.0,82.80000000000001,3.5999999999999948,0.0,0.0,0.0,82.0,4.399999999999998,0.0,0.0,0.0,False,False,False
